{
	"format_version": "1.8.0",
	"animations": {
		"animation.pteranodon.walk": {
			"loop": true,
			"animation_length": 1.04,
			"bones": {
				"All": {
					"position": {
						"0.0": [0, 3, 0],
						"0.28": [0, 2, 0],
						"0.52": [0, 4, 0],
						"0.8": [0, 2.8, 0],
						"1.04": [0, 3, 0]
					}
				},
				"neck": {
					"rotation": {
						"0.0": [0, 0, 0],
						"0.28": [8, 10, 0],
						"0.52": [-4, 0, 0],
						"0.8": [8, -11, 0],
						"1.04": [0, 0, 0]
					}
				},
				"jawbottom": {
					"rotation": {
						"0.0": [2, 0, 0],
						"0.28": [12.83532, 0.08594, 1.90535],
						"0.56": [4.84284, 0.35668, 2.09399],
						"0.84": [13.72102, -0.02653, 0.6927],
						"1.04": [2, 0, 0]
					}
				},
				"Tail": {
					"rotation": {
						"0.0": [0, 0, 0],
						"0.28": [7.5, 0, 0],
						"0.52": [-7.5, 0, 0],
						"0.76": [2.5, 0, 0],
						"1.04": [0, 0, 0]
					}
				},
				"LegLeft": {
					"rotation": {
						"0.0": [-131, 0, 0],
						"0.28": [-85, 0, 0],
						"0.6": [-25, 0, 0],
						"1.04": [-131, 0, 0]
					}
				},
				"LegLeftJoint": {
					"rotation": {
						"0.0": [120, 0, 0],
						"0.28": [109, 0, 0],
						"0.6": [55, 0, 0],
						"1.04": [120, 0, 0]
					}
				},
				"FootLeft": {
					"rotation": {
						"0.0": [-141.5, 0, 0],
						"0.28": [-88.5, 0, 0],
						"0.6": [-37.5, 0, 0],
						"1.04": [-141.5, 0, 0]
					}
				},
				"LegRight": {
					"rotation": {
						"0.0": [-31, 0, 0],
						"0.28": [-77, 0, 0],
						"0.6": [-135, 0, 0],
						"1.04": [-31, 0, 0]
					}
				},
				"LegRightJoint": {
					"rotation": {
						"0.0": [104, 0, 0],
						"0.28": [91.43173, -2.42816, 3.55659],
						"0.6": [108.42812, -3.36154, 2.69186],
						"1.04": [104, 0, 0]
					}
				},
				"FootRight": {
					"rotation": {
						"0.0": [-90, 0, 0],
						"0.28": [-136.89825, 0.56047, -3.38492],
						"0.6": [-146.87559, 0.31587, -4.09373],
						"1.04": [-90, 0, 0]
					}
				},
				"ArmLeft": {
					"rotation": {
						"0.0": [-23.74868, 35.6647, -35.94816],
						"0.28": [11.52699, -16.16392, -36.12463],
						"0.68": [-5.09066, 8.04115, -31.96805],
						"1.04": [-23.74868, 35.6647, -35.94816]
					}
				},
				"ArmLeftJoint": {
					"rotation": {
						"0.0": [1.98089, 11.66201, 92.96027],
						"0.28": [24.51765, -21.37771, 99.05581],
						"0.68": [12.76031, -3.17642, 79.92801],
						"1.04": [1.98089, 11.66201, 92.96027]
					}
				},
				"ArmRight": {
					"rotation": {
						"0.0": [0, 0, 37.5],
						"0.32": [0, -47.5, 37.5],
						"0.68": [0, -12.5, 25],
						"1.04": [0, 0, 37.5]
					}
				},
				"ArmRightJoint": {
					"rotation": {
						"0.0": [0, 0, -115],
						"0.32": [-21.80049, -29.2227, -84.69602],
						"0.68": [5.97846, 31.50282, -94.09906],
						"1.04": [0, 0, -115]
					}
				}
			}
		},
		"animation.pteranodon.default": {
			"loop": true,
			"bones": {
				"All": {
					"position": [0, 3, 0]
				},
				"neck": {
					"rotation": [0, 0, 0]
				},
				"jawbottom": {
					"rotation": [2, 0, 0]
				},
				"Tail": {
					"rotation": [0, 0, 0]
				},
				"LegLeft": {
					"rotation": [-131, 0, 0]
				},
				"LegLeftJoint": {
					"rotation": [105, 0, 0]
				},
				"FootLeft": {
					"rotation": [-141.5, 0, 0]
				},
				"LegRight": {
					"rotation": [-131, 0, 0]
				},
				"LegRightJoint": {
					"rotation": [104, 0, 0]
				},
				"FootRight": {
					"rotation": [-142.5, 0, 0]
				},
				"ArmLeft": {
					"rotation": [-31.34622, 8.44353, -41.30078]
				},
				"ArmLeftJoint": {
					"rotation": [17.66616, -31.3093, 124.03635]
				},
				"ArmRight": {
					"rotation": [0, 0, 37.5]
				},
				"ArmRightJoint": {
					"rotation": [0, 0, -115]
				}
			}
		},
		"animation.pteranodon.fly": {
			"loop": true,
			"animation_length": 1.72,
			"bones": {
				"All": {
					"position": [0, 2, 0]
				},
				"neck": {
					"rotation": {
						"0.0": [0, 0, 0],
						"0.08": [4, 0, 0],
						"0.32": [-3, 0, 0],
						"0.6": [-8, 0, 0],
						"0.84": [-12, 0, 0],
						"1.04": [-8, 0, 0],
						"1.28": [-3, 0, 0],
						"1.52": [4, 0, 0],
						"1.68": [0, 0, 0]
					}
				},
				"jawbottom": {
					"rotation": {
						"0.0": [12, 0, 0],
						"0.08": [8, 0, 0],
						"0.32": [2, 0, 0],
						"0.6": [2, 0, 0],
						"0.84": [11, 0, 0],
						"1.04": [2, 0, 0],
						"1.28": [2, 0, 0],
						"1.52": [14, 0, 0],
						"1.68": [12, 0, 0]
					}
				},
				"Tail": {
					"rotation": {
						"0.0": [0, 0, 0],
						"0.32": [-16, 0, 0],
						"0.84": [-26, 0, 0],
						"1.28": [-9, 0, 0],
						"1.52": [-2, 0, 0],
						"1.72": [0, 0, 0]
					}
				},
				"LegLeft": {
					"rotation": {
						"0.0": [8, 0, 0],
						"0.08": [0, 0, 0],
						"0.32": [-10, 0, 0],
						"0.6": [-16, 0, 0],
						"0.84": [-36, 0, 0],
						"1.04": [-16, 0, 0],
						"1.28": [-10, 0, 0],
						"1.52": [0, 0, 0],
						"1.68": [8, 0, 0]
					}
				},
				"FootLeft": {
					"rotation": {
						"0.6": [2.5, 0, 0],
						"0.84": [-32.5, 0, 0],
						"1.04": [2.5, 0, 0]
					}
				},
				"LegRight": {
					"rotation": {
						"0.0": [8, 0, 0],
						"0.08": [3, 0, 0],
						"0.32": [-7, 0, 0],
						"0.6": [-12, 0, 0],
						"0.84": [-24, 0, 0],
						"1.04": [-12, 0, 0],
						"1.28": [-2, 0, 0],
						"1.52": [3, 0, 0],
						"1.68": [8, 0, 0]
					}
				},
				"FootRight": {
					"rotation": {
						"0.6": [0, 0, 0],
						"0.84": [-30, 0, 0],
						"1.04": [0, 0, 0]
					}
				},
				"ArmLeft": {
					"rotation": {
						"0.0": [0, 0, -38],
						"0.16": [0, 0, -20],
						"0.4": [0, 0, -6],
						"0.68": [0, 0, 16.5],
						"0.92": [0, 0, 46.5],
						"1.12": [0, 0, 16.5],
						"1.36": [0, 0, -6],
						"1.68": [0, 0, -38]
					}
				},
				"ArmLeftJoint": {
					"rotation": {
						"0.0": [0, 0, 44],
						"0.16": [0, 0, 27],
						"0.48": [0, 0, 0],
						"0.72": [0, 0, 66],
						"1.12": [0, 0, 15],
						"1.36": [0, 0, 0],
						"1.52": [0, 0, 48.2],
						"1.72": [0, 0, 44]
					}
				},
				"ArmRight": {
					"rotation": {
						"0.0": [0, 0, 32],
						"0.16": [0, 0, 18],
						"0.4": [0, 0, 3],
						"0.68": [0, 0, -14.5],
						"0.92": [0, 0, -44.5],
						"1.12": [0, 0, -14.5],
						"1.36": [0, 0, 3],
						"1.68": [0, 0, 32]
					}
				},
				"ArmRightJoint": {
					"rotation": {
						"0.0": [0, 0, -30],
						"0.16": [0, 0, -21],
						"0.48": [0, 0, 1],
						"0.72": [0, 0, -68],
						"1.12": [0, 0, -35],
						"1.36": [0, 0, 2],
						"1.52": [0, 0, -36.67],
						"1.72": [0, 0, -30]
					}
				}
			}
		}
	}
}