{
	"format_version": "1.8.0",
	"animations": {
		"animation.wyvern.look_at_target": {
			"loop": true,
			"bones": {
				"head": {
					"relative_to": {
						"rotation": "entity"
					},
					"rotation": ["(query.target_x_rotation - this)", "(q.target_y_rotation - this) + 180", 0],
					"position": [0, 0, 0]
				}
			}
		},
		"animation.wyvern.idle": {
			"loop": true,
			"animation_length": 2.5,
			"bones": {
				"bone17": {
					"rotation": {
						"0.0": [5, 0, 0],
						"2.4167": [5, 0, 0]
					},
					"position": {
						"0.0": [0, -4.9, 0],
						"1.0": [0, -4.9, 4.4],
						"2.4167": [0, -4.9, 0]
					}
				},
				"head": {
					"rotation": [-41.5, 0, 0],
					"position": [0, -9.8, -5.7]
				},
				"patedroite": {
					"position": {
						"0.0": [0, -15.6, -3.8],
						"1.5": [0, -16.6, -4.8],
						"2.5": [0, -15.6, -3.8]
					}
				},
				"corp": {
					"rotation": {
						"0.0": [7, 0, 0],
						"2.5": [7, 0, 0]
					},
					"position": {
						"0.0": [0, -6, 1.9],
						"0.5": [0, -6, 4.9],
						"2.5": [0, -6, 1.9]
					}
				},
				"laqueu": {
					"rotation": {
						"0.0": [-30, 0, 0],
						"1.5": [-31.21777, -9.29798, 14.89149],
						"2.5": [-30, 0, 0]
					},
					"position": {
						"0.0": [0, -15.7, -0.3],
						"2.5": [0, -15.7, -0.3]
					}
				},
				"bone4": {
					"rotation": {
						"0.0": [27.5, 0, 0],
						"0.875": [27.60443, 7.32123, 1.63219],
						"2.0": [27.5, 0, 0],
						"2.5": [27.5, 0, 0]
					},
					"position": {
						"0.0": [0, -0.5, 0],
						"2.5": [0, -0.5, 0]
					}
				},
				"bone2": {
					"rotation": {
						"0.0": [15, 0, 0],
						"0.5": [15.0547, 4.82922, 1.29717],
						"2.5": [15, 0, 0]
					},
					"position": {
						"0.0": [0, 8.4, -2],
						"2.5": [0, 8.4, -2]
					}
				},
				"pategauche": {
					"position": {
						"0.0": [0, -15.8, -6.9],
						"1.4167": [0, -14.8, -5.9],
						"2.5": [0, -15.8, -6.9]
					}
				},
				"bone9": {
					"rotation": [-38.5, 0, 0],
					"position": [0, -1.7, -2.6]
				},
				"bone11": {
					"rotation": [-53, 0, 0]
				},
				"bone14": {
					"rotation": {
						"0.0": [-20.84079, -30.96338, 25.24304],
						"2.5": [-20.84079, -30.96338, 25.24304]
					},
					"position": {
						"0.0": [-6.3, 3, -1.6],
						"1.5417": [-6, 5, 0],
						"2.5": [-6.3, 3, -1.6]
					}
				},
				"bone13": {
					"rotation": [-0.80603, -0.91675, -3.32107]
				},
				"bone15": {
					"rotation": {
						"0.0": [-51.20221, 42.22661, -32.95019],
						"2.5": [-51.20221, 42.22661, -32.95019]
					},
					"position": {
						"0.0": [0, 5.3, -12.5],
						"1.2917": [0, 7.3, -12.5],
						"2.5": [0, 5.3, -12.5]
					}
				},
				"Main": {
					"position": [0, 20, 0]
				},
				"bone8": {
					"rotation": {
						"0.0": [0, 0, 0],
						"0.5417": [10, 0, 0],
						"1.0": [0, 0, 0],
						"1.5": [10, 0, 0],
						"2.5": [0, 0, 0]
					}
				},
				"bone3": {
					"rotation": {
						"0.0": [-0.4, 11.91, -3.81],
						"0.6667": [-0.39807, 11.91276, -3.81397],
						"1.7083": [-0.01565, 2.38422, -0.7522],
						"2.5": [-0.4, 11.91, -3.81]
					}
				}
			}
		},
		"animation.wyvern.bite": {
			"loop": true,
			"animation_length": 2.54167,
			"bones": {
				"bone17": {
					"rotation": {
						"0.0": [5, 0, 0],
						"0.5": [27.5, 0, 0],
						"0.7917": [-4.5, 0, 0],
						"2.375": [5, 0, 0]
					},
					"position": {
						"0.0": [0, -4.9, 0],
						"0.5": [0, -2.4, 2.2],
						"0.7917": [0, -59.96, -3.92],
						"1.1667": [0, -54.06, -16.02],
						"2.375": [0, -4.9, 0]
					}
				},
				"head": {
					"rotation": {
						"0.0": [-41.5, 0, 0],
						"0.6667": [10.5, 0, 0],
						"0.7917": [-14.5, 0, 0],
						"2.375": [-41.5, 0, 0]
					},
					"position": {
						"0.0": [0, -9.8, -5.7],
						"2.375": [0, -9.8, -5.7]
					}
				},
				"patedroite": {
					"position": {
						"0.0": [0, -15.6, -3.8],
						"1.5": [0, -16.6, -4.8],
						"2.375": [0, -15.6, -3.8]
					}
				},
				"corp": {
					"rotation": {
						"0.0": [7, 0, 0],
						"0.5": [19.5, 0, 0],
						"0.7917": [-49.82292, 0, 0],
						"2.375": [7, 0, 0]
					},
					"position": {
						"0.0": [0, -6, 1.9],
						"0.5": [0, -6, 4.9],
						"0.7917": [0, -39.5, -2.84],
						"1.1667": [0, -32, -7.74],
						"2.375": [0, -6, 1.9]
					}
				},
				"laqueu": {
					"rotation": {
						"0.0": [-30, 0, 0],
						"1.5": [-31.21777, -9.29798, 14.89149],
						"2.375": [-30, 0, 0]
					},
					"position": {
						"0.0": [0, -15.7, -0.3],
						"2.375": [0, -15.7, -0.3]
					}
				},
				"bone4": {
					"rotation": {
						"0.0": [27.5, 0, 0],
						"0.875": [27.60443, 7.32123, 1.63219],
						"2.375": [27.5, 0, 0]
					},
					"position": {
						"0.0": [0, -0.5, 0],
						"2.375": [0, -0.5, 0]
					}
				},
				"bone2": {
					"rotation": {
						"0.0": [15, 0, 0],
						"0.5": [15.0547, 4.82922, 1.29717],
						"2.375": [15, 0, 0]
					},
					"position": {
						"0.0": [0, 10.8, 1.5],
						"0.75": [1.61, 12.48, 7.5],
						"0.7917": [1.7, 13.27, 9.43],
						"0.8333": [1.4, 12.4, 6.3],
						"1.125": [0, 6.69, -0.9],
						"1.375": [0.3, 5.43, 0.68],
						"2.375": [0, 10.8, 1.5]
					}
				},
				"pategauche": {
					"position": {
						"0.0": [0, -15.8, -6.9],
						"1.4167": [0, -14.8, -5.9],
						"2.375": [0, -15.8, -6.9]
					}
				},
				"bone9": {
					"rotation": {
						"0.0": [-38.5, 0, 0],
						"2.375": [-38.5, 0, 0]
					},
					"position": {
						"0.0": [0, -1.7, -2.6],
						"2.375": [0, -1.7, -2.6]
					}
				},
				"bone11": {
					"rotation": {
						"0.0": [-53, 0, 0],
						"2.375": [-53, 0, 0]
					}
				},
				"bone14": {
					"rotation": {
						"0.0": [-20.84079, -30.96338, 25.24304],
						"2.375": [-20.84079, -30.96338, 25.24304]
					},
					"position": {
						"0.0": [-3.9, 3, 0],
						"1.5417": [0, 5, 0],
						"2.375": [-3.9, 3, 0]
					}
				},
				"bone13": {
					"rotation": [-0.80603, -0.91675, -3.32107]
				},
				"bone15": {
					"rotation": {
						"0.0": [-51.20221, 42.22661, -32.95019],
						"0.1667": [-51.20221, 42.22661, -32.95019],
						"0.7917": [-33.2987, 41.78321, -32.30469],
						"2.375": [-51.20221, 42.22661, -32.95019],
						"2.5417": [-51.20221, 42.22661, -32.95019]
					},
					"position": {
						"0.0": [0, 5.3, -12.5],
						"0.1667": [0, 5.3, -12.5],
						"2.375": [0, 5.3, -12.5],
						"2.5417": [0, 5.3, -12.5]
					}
				},
				"Main": {
					"position": {
						"0.0": [0, 20, 0],
						"2.375": [0, 20, 0]
					}
				},
				"bone8": {
					"rotation": {
						"0.0": [0, 0, 0],
						"0.5417": [10, 0, 0],
						"0.6667": [-87.5, 0, 0],
						"0.7917": [7.5, 0, 0],
						"2.375": [0, 0, 0]
					},
					"position": [0, 0, -0.9]
				},
				"bone3": {
					"rotation": {
						"0.0": [-0.4, 11.91, -3.81],
						"0.6667": [-0.39807, 11.91276, -3.81397],
						"1.7083": [-0.01565, 2.38422, -0.7522],
						"2.375": [-0.4, 11.91, -3.81]
					}
				},
				"ailegauche": {
					"rotation": {
						"0.0": [0, 0, 0],
						"0.5": [30, 0, 0],
						"0.7917": [40, 0, 0],
						"2.375": [0, 0, 0]
					},
					"position": {
						"0.0": [0, 0, 0],
						"0.5": [0, -5.36, 1.58],
						"0.7917": [0, -59.2, 7.5],
						"1.1667": [0, -57.1, -6.2],
						"2.375": [0, 0, 0]
					}
				}
			}
		},
		"animation.wyvern.walk": {
			"loop": true,
			"animation_length": 2,
			"bones": {
				"bone17": {
					"rotation": {
						"0.0": [-5, 0, 0],
						"1.0": [5, 0, 0],
						"2.0": [-5, 0, 0]
					},
					"position": {
						"0.0": [0, -12.5, 0],
						"1.0": [0, -4.9, 4.4],
						"2.0": [0, -12.5, 0]
					}
				},
				"head": {
					"rotation": {
						"0.0": [-26.5, 0, 0],
						"2.0": [-26.5, 0, 0]
					},
					"position": {
						"0.0": [0, -9.8, -5.7],
						"0.5": [0, -14.4, -5.7],
						"2.0": [0, -9.8, -5.7]
					}
				},
				"patedroite": {
					"rotation": {
						"0.0": [35, 0, 0],
						"0.5": [-32.5, 0, 0],
						"1.0": [35, 0, 0],
						"1.5": [-32.5, 0, 0],
						"2.0": [35, 0, 0]
					},
					"position": {
						"0.0": [0, -15.6, -3.8],
						"1.5": [0, -16.6, -4.8],